Brand name,Price,Rating,Rating count,Review count,Ranking,URL
"Ozone Smart Digital Biometric Door Locks for Main Door (Premium Plus with Wi-Fi, Black)  Limited time deal  ₹28,072₹28,072 M.R.P: ₹35,990₹35,990 (22% off)Save 1% with couponOnly 1 left in stock.Add to cart-RemoveMore Buying Choices₹28,000(5 new offers)",28072.0,,,,1,https://www.amazon.in/Ozone-Digital-Doorbell-Biometric-OZ-FDL-01/dp/B0BK16QMC9/ref=sr_1_145?dib=eyJ2IjoiMSJ9.sRdcyjZxFu5GLaQoExsYsT4m7oiGItRQHgH-LT9krJhKxKDz03cYoNbssy8NOKmYCxb3sBIarQ3xaKs8wwU83eEnkISzjQOa2nPDGQPlZnSWcuDzAtYIoHgLENWewmF4ATkISrycQZpOWWYHs0YkOw35DEiB0pFdMlyFF09iSpgCMyInxRt-PwZu1puhKIO2GY6QSWCHauMSf7yYG9Q-OKvZN3Q860FioS7AKtygKysApeJ_YMmzwu-mDkT_r3TpKejiQTidfbayJbXYHXCDyk7YtdBajinwWA5oR0qxKJI.mkwvgS6Yvt-PO48x8hY5wVLbE2EPgKoGXf1A5ZyZhto&dib_tag=se&keywords=smart+lock&qid=1718215745&sr=8-145
"+4 colors/patternsGolens X19 Luxury Smart Door Lock | 8 Ways Unlocking |3D Face ID| Fingerprint | Mobile App | RFID Card | PIN | OTP | Mechanical Key |Camera Technology| Keyless Entry Digital Lock (2 Year Warranty)  3.7 out of 5 stars 12  Limited time deal  ₹19,390₹19,390 M.R.P: ₹70,500₹70,500 (72% off)₹200 coupon applied at checkoutSave ₹200  with coupon  Get it by Thursday 20 JuneFREE Delivery by AmazonAdd to cart-Remove",19390.0,3.7,12.0,12.0,2,https://www.amazon.in/Golens-X19-Recognition-Intercom-Fingerprint/dp/B0BSP2PFG1/ref=sr_1_146?dib=eyJ2IjoiMSJ9.sRdcyjZxFu5GLaQoExsYsT4m7oiGItRQHgH-LT9krJhKxKDz03cYoNbssy8NOKmYCxb3sBIarQ3xaKs8wwU83eEnkISzjQOa2nPDGQPlZnSWcuDzAtYIoHgLENWewmF4ATkISrycQZpOWWYHs0YkOw35DEiB0pFdMlyFF09iSpgCMyInxRt-PwZu1puhKIO2GY6QSWCHauMSf7yYG9Q-OKvZN3Q860FioS7AKtygKysApeJ_YMmzwu-mDkT_r3TpKejiQTidfbayJbXYHXCDyk7YtdBajinwWA5oR0qxKJI.mkwvgS6Yvt-PO48x8hY5wVLbE2EPgKoGXf1A5ZyZhto&dib_tag=se&keywords=smart+lock&qid=1718215745&sr=8-146
"Dorset Digital Rim Lock with Pincode Access | Home Security Solution for Your Main Door | Home and Office Use | Free Installation - [DG907 GM] Black  3.8 out of 5 stars 9  Limited time deal  ₹6,799₹6,799 M.R.P: ₹9,590₹9,590 (29% off) Get it by Tuesday 18 JuneOnly 2 left in stock.See options",6799.0,3.8,9.0,9.0,3,https://www.amazon.in/Dorset-Digital-Security-Solution-Installation/dp/B0B9SH8PNK/ref=sr_1_147?dib=eyJ2IjoiMSJ9.sRdcyjZxFu5GLaQoExsYsT4m7oiGItRQHgH-LT9krJhKxKDz03cYoNbssy8NOKmYCxb3sBIarQ3xaKs8wwU83eEnkISzjQOa2nPDGQPlZnSWcuDzAtYIoHgLENWewmF4ATkISrycQZpOWWYHs0YkOw35DEiB0pFdMlyFF09iSpgCMyInxRt-PwZu1puhKIO2GY6QSWCHauMSf7yYG9Q-OKvZN3Q860FioS7AKtygKysApeJ_YMmzwu-mDkT_r3TpKejiQTidfbayJbXYHXCDyk7YtdBajinwWA5oR0qxKJI.mkwvgS6Yvt-PO48x8hY5wVLbE2EPgKoGXf1A5ZyZhto&dib_tag=se&keywords=smart+lock&qid=1718215745&sr=8-147
"Yale YDM 4109 Smart Lock, Gold, App Enabled  5.0 out of 5 stars 2  Limited time deal  ₹37,990₹37,990 M.R.P: ₹57,999₹57,999 (34% off)₹1,000 coupon applied at checkoutSave ₹1,000  with coupon  Get it by Tuesday 18 JuneFREE Delivery by AmazonService: InstallationAdd to cart-Remove",37990.0,5.0,2.0,2.0,4,https://www.amazon.in/Yale-YDM-4109-Mechanical-Gold/dp/B089NK2W8N/ref=sr_1_148?dib=eyJ2IjoiMSJ9.sRdcyjZxFu5GLaQoExsYsT4m7oiGItRQHgH-LT9krJhKxKDz03cYoNbssy8NOKmYCxb3sBIarQ3xaKs8wwU83eEnkISzjQOa2nPDGQPlZnSWcuDzAtYIoHgLENWewmF4ATkISrycQZpOWWYHs0YkOw35DEiB0pFdMlyFF09iSpgCMyInxRt-PwZu1puhKIO2GY6QSWCHauMSf7yYG9Q-OKvZN3Q860FioS7AKtygKysApeJ_YMmzwu-mDkT_r3TpKejiQTidfbayJbXYHXCDyk7YtdBajinwWA5oR0qxKJI.mkwvgS6Yvt-PO48x8hY5wVLbE2EPgKoGXf1A5ZyZhto&dib_tag=se&keywords=smart+lock&qid=1718215745&sr=8-148
"Nexmot NX Pro M12 Smart Door Lock with Fingerprint, Mobile app,PIN, OTP, RFID Card and Manual Key Access for Wooden Doors (Glossy Black) (WiFi Hub Sold Separately)  5.0 out of 5 stars 3  ₹7,999₹7,999 M.R.P: ₹24,999₹24,999 (68% off)5% coupon applied at checkoutSave 5%  with coupon  Get it by Tuesday 18 JuneFREE Delivery by AmazonAdd to cart-Remove",7999.0,5.0,3.0,3.0,5,https://www.amazon.in/Nexmot-NX-Pro-M12-Fingerprint/dp/B0CZXNNKB9/ref=sr_1_149?dib=eyJ2IjoiMSJ9.sRdcyjZxFu5GLaQoExsYsT4m7oiGItRQHgH-LT9krJhKxKDz03cYoNbssy8NOKmYCxb3sBIarQ3xaKs8wwU83eEnkISzjQOa2nPDGQPlZnSWcuDzAtYIoHgLENWewmF4ATkISrycQZpOWWYHs0YkOw35DEiB0pFdMlyFF09iSpgCMyInxRt-PwZu1puhKIO2GY6QSWCHauMSf7yYG9Q-OKvZN3Q860FioS7AKtygKysApeJ_YMmzwu-mDkT_r3TpKejiQTidfbayJbXYHXCDyk7YtdBajinwWA5oR0qxKJI.mkwvgS6Yvt-PO48x8hY5wVLbE2EPgKoGXf1A5ZyZhto&dib_tag=se&keywords=smart+lock&qid=1718215745&sr=8-149
"Golens X37 WiFi Smart Glass Door Lock, Digital Glass Lock with Wireless Remote,Fingerprint, PIN, IC Card, Mobile App Control, Key Auto Locking High Strength (Standard Size10-12 mm Thickness of Glass)  Limited time deal  ₹10,499₹10,499 M.R.P: ₹32,700₹32,700 (68% off) Get it by Tuesday 18 JuneFREE Delivery by AmazonAdd to cart-Remove",10499.0,,,,6,https://www.amazon.in/Golens-Bluetooth-Fingerprint-Size10-12-Thickness/dp/B0CCY3PJM7/ref=sr_1_150?dib=eyJ2IjoiMSJ9.sRdcyjZxFu5GLaQoExsYsT4m7oiGItRQHgH-LT9krJhKxKDz03cYoNbssy8NOKmYCxb3sBIarQ3xaKs8wwU83eEnkISzjQOa2nPDGQPlZnSWcuDzAtYIoHgLENWewmF4ATkISrycQZpOWWYHs0YkOw35DEiB0pFdMlyFF09iSpgCMyInxRt-PwZu1puhKIO2GY6QSWCHauMSf7yYG9Q-OKvZN3Q860FioS7AKtygKysApeJ_YMmzwu-mDkT_r3TpKejiQTidfbayJbXYHXCDyk7YtdBajinwWA5oR0qxKJI.mkwvgS6Yvt-PO48x8hY5wVLbE2EPgKoGXf1A5ZyZhto&dib_tag=se&keywords=smart+lock&qid=1718215745&sr=8-150
"Fingerprint Door Knobs with APP, Keyless Entry Smart Door Lock with Biometric Finger Print, Keys for Bedroom Home Office Hotel (Silver)  4.2 out of 5 stars 53  ₹9,109₹9,109Get it Thursday 27 June - Monday 1 JulyFREE DeliveryAdd to cart-Remove",9109.0,4.2,53.0,53.0,7,https://www.amazon.in/Fingerprint-Keyless-Biometric-Finger-Bedroom/dp/B0CH7T7683/ref=sr_1_151?dib=eyJ2IjoiMSJ9.sRdcyjZxFu5GLaQoExsYsT4m7oiGItRQHgH-LT9krJhKxKDz03cYoNbssy8NOKmYCxb3sBIarQ3xaKs8wwU83eEnkISzjQOa2nPDGQPlZnSWcuDzAtYIoHgLENWewmF4ATkISrycQZpOWWYHs0YkOw35DEiB0pFdMlyFF09iSpgCMyInxRt-PwZu1puhKIO2GY6QSWCHauMSf7yYG9Q-OKvZN3Q860FioS7AKtygKysApeJ_YMmzwu-mDkT_r3TpKejiQTidfbayJbXYHXCDyk7YtdBajinwWA5oR0qxKJI.mkwvgS6Yvt-PO48x8hY5wVLbE2EPgKoGXf1A5ZyZhto&dib_tag=se&keywords=smart+lock&qid=1718215745&sr=8-151
"Lockly Vision Smart Door Lock, Smart Video Doorbell Camera & Keyless Entry Lock with Fingerprint, Digital Keypad, Wi-Fi, & No Monthly Fees - Brushed Gold  4.6 out of 5 stars 4  ₹68,556₹68,556 M.R.P: ₹96,697₹96,697 (29% off)Get it Tuesday 2 July - Wednesday 3 JulyFREE DeliveryAdd to cart-Remove",68556.0,4.6,4.0,4.0,8,https://www.amazon.in/Lockly-Doorbell-Keyless-Fingerprint-Digital/dp/B0C6QKT3N2/ref=sr_1_152?dib=eyJ2IjoiMSJ9.sRdcyjZxFu5GLaQoExsYsT4m7oiGItRQHgH-LT9krJhKxKDz03cYoNbssy8NOKmYCxb3sBIarQ3xaKs8wwU83eEnkISzjQOa2nPDGQPlZnSWcuDzAtYIoHgLENWewmF4ATkISrycQZpOWWYHs0YkOw35DEiB0pFdMlyFF09iSpgCMyInxRt-PwZu1puhKIO2GY6QSWCHauMSf7yYG9Q-OKvZN3Q860FioS7AKtygKysApeJ_YMmzwu-mDkT_r3TpKejiQTidfbayJbXYHXCDyk7YtdBajinwWA5oR0qxKJI.mkwvgS6Yvt-PO48x8hY5wVLbE2EPgKoGXf1A5ZyZhto&dib_tag=se&keywords=smart+lock&qid=1718215745&sr=8-152
"QUBO Smart Door Lock Essential WiFi from Hero Group | Unlock from Anywhere | 5-Way Unlocking | Fingerprint | Pincode | RFID Card | Bluetooth Mobile App | Mechanical Key | OTP Access | (Copper)  ₹13,480₹13,480 List: ₹25,980₹25,980 (48% off) FREE Delivery by Amazon",13480.0,,,,9,https://www.amazon.in/Essential-Unlocking-Fingerprint-Bluetooth-Mechanical/dp/B0CH1CK45N/ref=sr_1_153?dib=eyJ2IjoiMSJ9.sRdcyjZxFu5GLaQoExsYsT4m7oiGItRQHgH-LT9krJhKxKDz03cYoNbssy8NOKmYCxb3sBIarQ3xaKs8wwU83eEnkISzjQOa2nPDGQPlZnSWcuDzAtYIoHgLENWewmF4ATkISrycQZpOWWYHs0YkOw35DEiB0pFdMlyFF09iSpgCMyInxRt-PwZu1puhKIO2GY6QSWCHauMSf7yYG9Q-OKvZN3Q860FioS7AKtygKysApeJ_YMmzwu-mDkT_r3TpKejiQTidfbayJbXYHXCDyk7YtdBajinwWA5oR0qxKJI.mkwvgS6Yvt-PO48x8hY5wVLbE2EPgKoGXf1A5ZyZhto&dib_tag=se&keywords=smart+lock&qid=1718215745&sr=8-153
"Qubo Smart Rim Lock & WiFi Gateway Combo  5.0 out of 5 stars 3  ₹11,980₹11,980 List: ₹24,980₹24,980 (52% off)Save extra with No Cost EMI FREE Delivery by Amazon",11980.0,5.0,3.0,3.0,10,https://www.amazon.in/Qubo-Smart-Lock-Gateway-Combo/dp/B0CH1DDSM3/ref=sr_1_154?dib=eyJ2IjoiMSJ9.sRdcyjZxFu5GLaQoExsYsT4m7oiGItRQHgH-LT9krJhKxKDz03cYoNbssy8NOKmYCxb3sBIarQ3xaKs8wwU83eEnkISzjQOa2nPDGQPlZnSWcuDzAtYIoHgLENWewmF4ATkISrycQZpOWWYHs0YkOw35DEiB0pFdMlyFF09iSpgCMyInxRt-PwZu1puhKIO2GY6QSWCHauMSf7yYG9Q-OKvZN3Q860FioS7AKtygKysApeJ_YMmzwu-mDkT_r3TpKejiQTidfbayJbXYHXCDyk7YtdBajinwWA5oR0qxKJI.mkwvgS6Yvt-PO48x8hY5wVLbE2EPgKoGXf1A5ZyZhto&dib_tag=se&keywords=smart+lock&qid=1718215745&sr=8-154
"ZKTeco Fingerprint Keypad Smart Door Lock 4 Way Unlocking Fingerprint, Passcode, Manual Key, Mobile App, Bluetooth, Alexa, Google Assistant - ML300  4.0 out of 5 stars 7  Limited time deal  ₹12,331₹12,331 M.R.P: ₹20,999₹20,999 (41% off)7.5% Off on Select Bank Cards Get it by Tuesday 18 JuneFREE Delivery by AmazonOnly 2 left in stock.Add to cart-Remove",12331.0,4.0,7.0,7.0,11,https://www.amazon.in/ZKTeco-Fingerprint-Keypad-Bluetooth-Assistant/dp/B09GPH4VLR/ref=sr_1_155?dib=eyJ2IjoiMSJ9.sRdcyjZxFu5GLaQoExsYsT4m7oiGItRQHgH-LT9krJhKxKDz03cYoNbssy8NOKmYCxb3sBIarQ3xaKs8wwU83eEnkISzjQOa2nPDGQPlZnSWcuDzAtYIoHgLENWewmF4ATkISrycQZpOWWYHs0YkOw35DEiB0pFdMlyFF09iSpgCMyInxRt-PwZu1puhKIO2GY6QSWCHauMSf7yYG9Q-OKvZN3Q860FioS7AKtygKysApeJ_YMmzwu-mDkT_r3TpKejiQTidfbayJbXYHXCDyk7YtdBajinwWA5oR0qxKJI.mkwvgS6Yvt-PO48x8hY5wVLbE2EPgKoGXf1A5ZyZhto&dib_tag=se&keywords=smart+lock&qid=1718215745&sr=8-155
"QUBO Smart Door Lock Elite WiFi from Hero Group | Unlock from Anywhere | 5-Way Unlocking | Fingerprint | Pincode | RFID Card | Bluetooth Mobile App | Mechanical Key | OTP Access | (Copper)  5.0 out of 5 stars 3  ₹17,480₹17,480 List: ₹30,980₹30,980 (43% off)Save extra with No Cost EMI FREE Delivery by Amazon",17480.0,5.0,3.0,3.0,12,https://www.amazon.in/Anywhere-Unlocking-Fingerprint-Bluetooth-Mechanical/dp/B0CH1C4S89/ref=sr_1_156?dib=eyJ2IjoiMSJ9.sRdcyjZxFu5GLaQoExsYsT4m7oiGItRQHgH-LT9krJhKxKDz03cYoNbssy8NOKmYCxb3sBIarQ3xaKs8wwU83eEnkISzjQOa2nPDGQPlZnSWcuDzAtYIoHgLENWewmF4ATkISrycQZpOWWYHs0YkOw35DEiB0pFdMlyFF09iSpgCMyInxRt-PwZu1puhKIO2GY6QSWCHauMSf7yYG9Q-OKvZN3Q860FioS7AKtygKysApeJ_YMmzwu-mDkT_r3TpKejiQTidfbayJbXYHXCDyk7YtdBajinwWA5oR0qxKJI.mkwvgS6Yvt-PO48x8hY5wVLbE2EPgKoGXf1A5ZyZhto&dib_tag=se&keywords=smart+lock&qid=1718215745&sr=8-156
"VIZID Smart Door Lock for Bedroom Door & Office Door | 4-Ways Unlocking | Fingerprint Unlock, MobileApp Bluetooh Unlock, Password Unlock, & Physical Key Unlock | Strong Single Tongue Mortise | Black  ₹9,799₹9,799 M.R.P: ₹13,999₹13,999 (30% off)Save extra with No Cost EMI Get it by Wednesday 19 JuneFREE Delivery by AmazonAdd to cart-Remove",9799.0,,,,13,https://www.amazon.in/VIZID-Unlocking-Fingerprint-MobileApp-Bluetooh/dp/B0CL54MQGZ/ref=sr_1_157?dib=eyJ2IjoiMSJ9.sRdcyjZxFu5GLaQoExsYsT4m7oiGItRQHgH-LT9krJhKxKDz03cYoNbssy8NOKmYCxb3sBIarQ3xaKs8wwU83eEnkISzjQOa2nPDGQPlZnSWcuDzAtYIoHgLENWewmF4ATkISrycQZpOWWYHs0YkOw35DEiB0pFdMlyFF09iSpgCMyInxRt-PwZu1puhKIO2GY6QSWCHauMSf7yYG9Q-OKvZN3Q860FioS7AKtygKysApeJ_YMmzwu-mDkT_r3TpKejiQTidfbayJbXYHXCDyk7YtdBajinwWA5oR0qxKJI.mkwvgS6Yvt-PO48x8hY5wVLbE2EPgKoGXf1A5ZyZhto&dib_tag=se&keywords=smart+lock&qid=1718215745&sr=8-157
"Inllex Fingerprint Smart Lock, WiFi Electronic Door Lock, Touchscreen Smart Anti Theft Door Lock, Fingerprint Keypad Card with Password IC Card Tuya Smart Door Lock with Mechanical Key  5.0 out of 5 stars 1  ₹9,000₹9,000 M.R.P: ₹27,000₹27,000 (67% off)5% coupon applied at checkoutSave 5%  with coupon  Get it by Wednesday 19 JuneFREE Delivery by AmazonAdd to cart-Remove",9000.0,5.0,1.0,1.0,14,https://www.amazon.in/Inllex-Fingerprint-Lock-Electronic-Touchscreen/dp/B0CJCK1Y9D/ref=sr_1_158?dib=eyJ2IjoiMSJ9.sRdcyjZxFu5GLaQoExsYsT4m7oiGItRQHgH-LT9krJhKxKDz03cYoNbssy8NOKmYCxb3sBIarQ3xaKs8wwU83eEnkISzjQOa2nPDGQPlZnSWcuDzAtYIoHgLENWewmF4ATkISrycQZpOWWYHs0YkOw35DEiB0pFdMlyFF09iSpgCMyInxRt-PwZu1puhKIO2GY6QSWCHauMSf7yYG9Q-OKvZN3Q860FioS7AKtygKysApeJ_YMmzwu-mDkT_r3TpKejiQTidfbayJbXYHXCDyk7YtdBajinwWA5oR0qxKJI.mkwvgS6Yvt-PO48x8hY5wVLbE2EPgKoGXf1A5ZyZhto&dib_tag=se&keywords=smart+lock&qid=1718215745&sr=8-158
"ZKTeco Smart Door Lock with Fingerprint, Mechanical Key, Reversible Handle, Color-Black- ML10  5.0 out of 5 stars 1  ₹7,499₹7,499 M.R.P: ₹10,750₹10,750 (30% off)Upto 10% Off on select cards Get it by Wednesday 19 JuneFREE Delivery by AmazonOnly 1 left in stock.Add to cart-Remove",7499.0,5.0,1.0,1.0,15,https://www.amazon.in/ZKTeco-Biometric-Fingerprint-Mechanical-Reversible/dp/B084YRTW1W/ref=sr_1_159?dib=eyJ2IjoiMSJ9.sRdcyjZxFu5GLaQoExsYsT4m7oiGItRQHgH-LT9krJhKxKDz03cYoNbssy8NOKmYCxb3sBIarQ3xaKs8wwU83eEnkISzjQOa2nPDGQPlZnSWcuDzAtYIoHgLENWewmF4ATkISrycQZpOWWYHs0YkOw35DEiB0pFdMlyFF09iSpgCMyInxRt-PwZu1puhKIO2GY6QSWCHauMSf7yYG9Q-OKvZN3Q860FioS7AKtygKysApeJ_YMmzwu-mDkT_r3TpKejiQTidfbayJbXYHXCDyk7YtdBajinwWA5oR0qxKJI.mkwvgS6Yvt-PO48x8hY5wVLbE2EPgKoGXf1A5ZyZhto&dib_tag=se&keywords=smart+lock&qid=1718215745&sr=8-159
"Okos Smart Door Lock, Bluetooth Fingerprint Smart Lock Support,Password,IC Card,Physical Key, Mobile App  5.0 out of 5 stars 1  ₹12,999₹12,999 M.R.P: ₹18,999₹18,999 (32% off)Save extra with No Cost EMIGet it by Tuesday 18 JuneAdd to cart-Remove",12999.0,5.0,1.0,1.0,16,https://www.amazon.in/Okos-Bluetooth-Fingerprint-Password-Physical/dp/B0B8H28L8X/ref=sr_1_160?dib=eyJ2IjoiMSJ9.sRdcyjZxFu5GLaQoExsYsT4m7oiGItRQHgH-LT9krJhKxKDz03cYoNbssy8NOKmYCxb3sBIarQ3xaKs8wwU83eEnkISzjQOa2nPDGQPlZnSWcuDzAtYIoHgLENWewmF4ATkISrycQZpOWWYHs0YkOw35DEiB0pFdMlyFF09iSpgCMyInxRt-PwZu1puhKIO2GY6QSWCHauMSf7yYG9Q-OKvZN3Q860FioS7AKtygKysApeJ_YMmzwu-mDkT_r3TpKejiQTidfbayJbXYHXCDyk7YtdBajinwWA5oR0qxKJI.mkwvgS6Yvt-PO48x8hY5wVLbE2EPgKoGXf1A5ZyZhto&dib_tag=se&keywords=smart+lock&qid=1718215745&sr=8-160
"Dorset Smart Door Lock with Camera | DG 204 Lock with Fingerprint, Pin, RFID, Mobile App,Key, OTP Access | 2 Years Warranty | Door Thickness - 35-90 mm - Black  3.0 out of 5 stars 3  Limited time deal  ₹19,899₹19,899 M.R.P: ₹28,035₹28,035 (29% off) Get it by Tuesday 18 JuneFREE Delivery by AmazonOnly 1 left in stock.Add to cart-Remove",19899.0,3.0,3.0,3.0,17,https://www.amazon.in/Dorset-Camera-Fingerprint-Warranty-Thickness/dp/B0CKFG5NRH/ref=sr_1_161?dib=eyJ2IjoiMSJ9.sRdcyjZxFu5GLaQoExsYsT4m7oiGItRQHgH-LT9krJhKxKDz03cYoNbssy8NOKmYCxb3sBIarQ3xaKs8wwU83eEnkISzjQOa2nPDGQPlZnSWcuDzAtYIoHgLENWewmF4ATkISrycQZpOWWYHs0YkOw35DEiB0pFdMlyFF09iSpgCMyInxRt-PwZu1puhKIO2GY6QSWCHauMSf7yYG9Q-OKvZN3Q860FioS7AKtygKysApeJ_YMmzwu-mDkT_r3TpKejiQTidfbayJbXYHXCDyk7YtdBajinwWA5oR0qxKJI.mkwvgS6Yvt-PO48x8hY5wVLbE2EPgKoGXf1A5ZyZhto&dib_tag=se&keywords=smart+lock&qid=1718215745&sr=8-161
"Tuchware XS1100 Smart RFID+BLE, Door Lock - Keyless Entry for Homes, Apartments, Office, Hotels (Left Handed Inside Open, Golden)  ₹7,251.02₹7,251.02 M.R.P: ₹12,400₹12,400 (42% off) Get it by Tuesday 18 JuneFREE Delivery by AmazonOnly 2 left in stock.Add to cart-Remove",,,,,18,https://www.amazon.in/Tuchware-XS1100-Smart-RFID-Door/dp/B0BQMD4H76/ref=sr_1_162?dib=eyJ2IjoiMSJ9.sRdcyjZxFu5GLaQoExsYsT4m7oiGItRQHgH-LT9krJhKxKDz03cYoNbssy8NOKmYCxb3sBIarQ3xaKs8wwU83eEnkISzjQOa2nPDGQPlZnSWcuDzAtYIoHgLENWewmF4ATkISrycQZpOWWYHs0YkOw35DEiB0pFdMlyFF09iSpgCMyInxRt-PwZu1puhKIO2GY6QSWCHauMSf7yYG9Q-OKvZN3Q860FioS7AKtygKysApeJ_YMmzwu-mDkT_r3TpKejiQTidfbayJbXYHXCDyk7YtdBajinwWA5oR0qxKJI.mkwvgS6Yvt-PO48x8hY5wVLbE2EPgKoGXf1A5ZyZhto&dib_tag=se&keywords=smart+lock&qid=1718215745&sr=8-162
"LACASA LC710 | 14inch Smart Digital Door Lock Fingerprint-PIN-RFID Card & Manual Key|Child Lock |5 Bolt Strong Mortise | Suitable for Wooden and Metal Doors (Black)  ₹7,145₹7,145 M.R.P: ₹12,900₹12,900 (45% off)Upto 10% Off on select cards Get it by Thursday 20 JuneAdd to cart-Remove",7145.0,,,,19,https://www.amazon.in/LACASA-LC710-Lock-Fingerprint-PIN-RFID-Suitable/dp/B0CSYNDVZ8/ref=sr_1_163?dib=eyJ2IjoiMSJ9.sRdcyjZxFu5GLaQoExsYsT4m7oiGItRQHgH-LT9krJhKxKDz03cYoNbssy8NOKmYCxb3sBIarQ3xaKs8wwU83eEnkISzjQOa2nPDGQPlZnSWcuDzAtYIoHgLENWewmF4ATkISrycQZpOWWYHs0YkOw35DEiB0pFdMlyFF09iSpgCMyInxRt-PwZu1puhKIO2GY6QSWCHauMSf7yYG9Q-OKvZN3Q860FioS7AKtygKysApeJ_YMmzwu-mDkT_r3TpKejiQTidfbayJbXYHXCDyk7YtdBajinwWA5oR0qxKJI.mkwvgS6Yvt-PO48x8hY5wVLbE2EPgKoGXf1A5ZyZhto&dib_tag=se&keywords=smart+lock&qid=1718215745&sr=8-163
"Hawkvision Smart Lock Digital Door Lock with 3D Face Recognition,LCD Display, Hawk Smart App Unlock,Fingerprint,RFID Card,Pin,Manual Key,Camera Technology Keyless Entry Digital Lock HV-SDL-F75M  ₹24,999₹24,999 M.R.P: ₹50,000₹50,000 (50% off)Add to cart-Remove",24999.0,,,,20,https://www.amazon.in/Hawkvision-Recognition-Fingerprint-Technology-HV-SDL-F75M/dp/B0D5D9YJXG/ref=sr_1_164?dib=eyJ2IjoiMSJ9.sRdcyjZxFu5GLaQoExsYsT4m7oiGItRQHgH-LT9krJhKxKDz03cYoNbssy8NOKmYCxb3sBIarQ3xaKs8wwU83eEnkISzjQOa2nPDGQPlZnSWcuDzAtYIoHgLENWewmF4ATkISrycQZpOWWYHs0YkOw35DEiB0pFdMlyFF09iSpgCMyInxRt-PwZu1puhKIO2GY6QSWCHauMSf7yYG9Q-OKvZN3Q860FioS7AKtygKysApeJ_YMmzwu-mDkT_r3TpKejiQTidfbayJbXYHXCDyk7YtdBajinwWA5oR0qxKJI.mkwvgS6Yvt-PO48x8hY5wVLbE2EPgKoGXf1A5ZyZhto&dib_tag=se&keywords=smart+lock&qid=1718215745&sr=8-164
"QUBO Smart Door Lock Select WiFi from Hero Group | Unlock from Anywhere | 5-Way Unlocking | Fingerprint | Pincode| RFID Access Card | Bluetooth Mobile App | Mechanical Key | OTP Access | (Black)  5.0 out of 5 stars 1  ₹20,980₹20,980 List: ₹35,980₹35,980 (41% off) FREE Delivery by Amazon",20980.0,5.0,1.0,1.0,21,https://www.amazon.in/Anywhere-Unlocking-Fingerprint-Bluetooth-Mechanical/dp/B0CH1BP51Q/ref=sr_1_165?dib=eyJ2IjoiMSJ9.sRdcyjZxFu5GLaQoExsYsT4m7oiGItRQHgH-LT9krJhKxKDz03cYoNbssy8NOKmYCxb3sBIarQ3xaKs8wwU83eEnkISzjQOa2nPDGQPlZnSWcuDzAtYIoHgLENWewmF4ATkISrycQZpOWWYHs0YkOw35DEiB0pFdMlyFF09iSpgCMyInxRt-PwZu1puhKIO2GY6QSWCHauMSf7yYG9Q-OKvZN3Q860FioS7AKtygKysApeJ_YMmzwu-mDkT_r3TpKejiQTidfbayJbXYHXCDyk7YtdBajinwWA5oR0qxKJI.mkwvgS6Yvt-PO48x8hY5wVLbE2EPgKoGXf1A5ZyZhto&dib_tag=se&keywords=smart+lock&qid=1718215745&sr=8-165
"Escozor® MFK02 Smart Digital Keyless Door Lock for Bedroom/Office Unlock Using Fingerprint,Password,Mechanical Keys & Bluetooth Mobile App  5.0 out of 5 stars 2  ₹6,099₹6,099 M.R.P: ₹8,500₹8,500 (28% off) Get it by Wednesday 19 JuneAdd to cart-Remove",6099.0,5.0,2.0,2.0,22,https://www.amazon.in/Escozor%C2%AE-MFK02-Fingerprint-Mechanical-Bluetooth/dp/B0C4ZVL2LG/ref=sr_1_166?dib=eyJ2IjoiMSJ9.sRdcyjZxFu5GLaQoExsYsT4m7oiGItRQHgH-LT9krJhKxKDz03cYoNbssy8NOKmYCxb3sBIarQ3xaKs8wwU83eEnkISzjQOa2nPDGQPlZnSWcuDzAtYIoHgLENWewmF4ATkISrycQZpOWWYHs0YkOw35DEiB0pFdMlyFF09iSpgCMyInxRt-PwZu1puhKIO2GY6QSWCHauMSf7yYG9Q-OKvZN3Q860FioS7AKtygKysApeJ_YMmzwu-mDkT_r3TpKejiQTidfbayJbXYHXCDyk7YtdBajinwWA5oR0qxKJI.mkwvgS6Yvt-PO48x8hY5wVLbE2EPgKoGXf1A5ZyZhto&dib_tag=se&keywords=smart+lock&qid=1718215745&sr=8-166
"Golens Alloy Steel X19 Luxury Smart Door Lock 8 Ways Unlocking 3D Face Id Fingerprint Mobile App Rfid Card Pin Otp Mechanical Key Camera Technology Keyless Entry Digital Lock (2 Year Warranty),Black  5.0 out of 5 stars 1  ₹20,199₹20,199 M.R.P: ₹70,500₹70,500 (71% off) Get it by Tuesday 18 JuneFREE Delivery by AmazonAdd to cart-Remove",20199.0,5.0,1.0,1.0,23,https://www.amazon.in/Golens-X19-Luxurious-Recognition-Fingerprint/dp/B0BW64M7VC/ref=sr_1_167?dib=eyJ2IjoiMSJ9.sRdcyjZxFu5GLaQoExsYsT4m7oiGItRQHgH-LT9krJhKxKDz03cYoNbssy8NOKmYCxb3sBIarQ3xaKs8wwU83eEnkISzjQOa2nPDGQPlZnSWcuDzAtYIoHgLENWewmF4ATkISrycQZpOWWYHs0YkOw35DEiB0pFdMlyFF09iSpgCMyInxRt-PwZu1puhKIO2GY6QSWCHauMSf7yYG9Q-OKvZN3Q860FioS7AKtygKysApeJ_YMmzwu-mDkT_r3TpKejiQTidfbayJbXYHXCDyk7YtdBajinwWA5oR0qxKJI.mkwvgS6Yvt-PO48x8hY5wVLbE2EPgKoGXf1A5ZyZhto&dib_tag=se&keywords=smart+lock&qid=1718215745&sr=8-167
"HomeMate Smart Door Lock - Black | Remote Control | Fingerprint | Password | RFID Cards | APP Control | WiFi Lock  Limited time deal  ₹13,999₹13,999 M.R.P: ₹34,999₹34,999 (60% off)Save extra with No Cost EMI Get it by Thursday 20 JuneAdd to cart-Remove",13999.0,,,,24,https://www.amazon.in/HomeMate-Smart-Door-Lock-Fingerprint/dp/B0CV55JL73/ref=sr_1_168?dib=eyJ2IjoiMSJ9.sRdcyjZxFu5GLaQoExsYsT4m7oiGItRQHgH-LT9krJhKxKDz03cYoNbssy8NOKmYCxb3sBIarQ3xaKs8wwU83eEnkISzjQOa2nPDGQPlZnSWcuDzAtYIoHgLENWewmF4ATkISrycQZpOWWYHs0YkOw35DEiB0pFdMlyFF09iSpgCMyInxRt-PwZu1puhKIO2GY6QSWCHauMSf7yYG9Q-OKvZN3Q860FioS7AKtygKysApeJ_YMmzwu-mDkT_r3TpKejiQTidfbayJbXYHXCDyk7YtdBajinwWA5oR0qxKJI.mkwvgS6Yvt-PO48x8hY5wVLbE2EPgKoGXf1A5ZyZhto&dib_tag=se&keywords=smart+lock&qid=1718215745&sr=8-168
"Jenix Door Access Control System with keypad, Smart Card up to 1000 Users for Outdoor and Indoor-S  ₹1,599₹1,599 M.R.P: ₹3,399₹3,399 (53% off)Save extra with No Cost EMIGet it by Tuesday 18 JuneAdd to cart-Remove",1599.0,,,,25,https://www.amazon.in/Access-Control-System-Outdoor-Indoor-S/dp/B0BTMCNPQ6/ref=sr_1_169?dib=eyJ2IjoiMSJ9.sRdcyjZxFu5GLaQoExsYsT4m7oiGItRQHgH-LT9krJhKxKDz03cYoNbssy8NOKmYCxb3sBIarQ3xaKs8wwU83eEnkISzjQOa2nPDGQPlZnSWcuDzAtYIoHgLENWewmF4ATkISrycQZpOWWYHs0YkOw35DEiB0pFdMlyFF09iSpgCMyInxRt-PwZu1puhKIO2GY6QSWCHauMSf7yYG9Q-OKvZN3Q860FioS7AKtygKysApeJ_YMmzwu-mDkT_r3TpKejiQTidfbayJbXYHXCDyk7YtdBajinwWA5oR0qxKJI.mkwvgS6Yvt-PO48x8hY5wVLbE2EPgKoGXf1A5ZyZhto&dib_tag=se&keywords=smart+lock&qid=1718215745&sr=8-169
"Fipilock Bluetooth Fingerprint Disc Brake Lock, Smart Portable Digital Biometric, Waterproof Zinc Alloy Lock for Bike, Bicycle  3.0 out of 5 stars 1  ₹2,812₹2,812 M.R.P: ₹5,999₹5,999 (53% off)₹50 coupon applied at checkoutSave ₹50  with coupon  Get it by Monday 1 JulyFREE Delivery by AmazonAdd to cart-Remove",2812.0,3.0,1.0,1.0,26,https://www.amazon.in/CONCEPT-Fipilock-Waterproof-Bluetooth-Fingerprint/dp/B08LVPX7T1/ref=sr_1_170?dib=eyJ2IjoiMSJ9.sRdcyjZxFu5GLaQoExsYsT4m7oiGItRQHgH-LT9krJhKxKDz03cYoNbssy8NOKmYCxb3sBIarQ3xaKs8wwU83eEnkISzjQOa2nPDGQPlZnSWcuDzAtYIoHgLENWewmF4ATkISrycQZpOWWYHs0YkOw35DEiB0pFdMlyFF09iSpgCMyInxRt-PwZu1puhKIO2GY6QSWCHauMSf7yYG9Q-OKvZN3Q860FioS7AKtygKysApeJ_YMmzwu-mDkT_r3TpKejiQTidfbayJbXYHXCDyk7YtdBajinwWA5oR0qxKJI.mkwvgS6Yvt-PO48x8hY5wVLbE2EPgKoGXf1A5ZyZhto&dib_tag=se&keywords=smart+lock&qid=1718215745&sr=8-170
"Ozone OZFL-302-FK Rectangular and Handy, Fingerprint and Key Access, Manual Locking System, Smart Furniture Lock Combo (Pack of 2)  3.0 out of 5 stars 10  ₹7,037₹7,037 M.R.P: ₹9,640₹9,640 (27% off)Save 1% with coupon Get it by Thursday 20 JuneAdd to cart-Remove",7037.0,3.0,10.0,10.0,27,https://www.amazon.in/Ozone-OZFL-302-FK-Rectangular-Fingerprint-Furniture/dp/B09T6T4XX3/ref=sr_1_171?dib=eyJ2IjoiMSJ9.sRdcyjZxFu5GLaQoExsYsT4m7oiGItRQHgH-LT9krJhKxKDz03cYoNbssy8NOKmYCxb3sBIarQ3xaKs8wwU83eEnkISzjQOa2nPDGQPlZnSWcuDzAtYIoHgLENWewmF4ATkISrycQZpOWWYHs0YkOw35DEiB0pFdMlyFF09iSpgCMyInxRt-PwZu1puhKIO2GY6QSWCHauMSf7yYG9Q-OKvZN3Q860FioS7AKtygKysApeJ_YMmzwu-mDkT_r3TpKejiQTidfbayJbXYHXCDyk7YtdBajinwWA5oR0qxKJI.mkwvgS6Yvt-PO48x8hY5wVLbE2EPgKoGXf1A5ZyZhto&dib_tag=se&keywords=smart+lock&qid=1718215745&sr=8-171
"Jenix Smart Biometric Fingerprint Digital Lock for Cabinet or Drawer I Electric Fingerprint Keyless Hidden File Drawer Wardrobe Wooden Furniture Cabinet Privacy Lock with 1 Year Warranty  ₹2,199.99₹2,199.99 M.R.P: ₹5,999₹5,999 (63% off)Save extra with No Cost EMI Get it by Tuesday 18 JuneFREE Delivery by AmazonOnly 1 left in stock.Add to cart-Remove",,,,,28,https://www.amazon.in/Biometric-Fingerprint-Electric-Wardrobe-Furniture/dp/B09X24RRNC/ref=sr_1_172?dib=eyJ2IjoiMSJ9.sRdcyjZxFu5GLaQoExsYsT4m7oiGItRQHgH-LT9krJhKxKDz03cYoNbssy8NOKmYCxb3sBIarQ3xaKs8wwU83eEnkISzjQOa2nPDGQPlZnSWcuDzAtYIoHgLENWewmF4ATkISrycQZpOWWYHs0YkOw35DEiB0pFdMlyFF09iSpgCMyInxRt-PwZu1puhKIO2GY6QSWCHauMSf7yYG9Q-OKvZN3Q860FioS7AKtygKysApeJ_YMmzwu-mDkT_r3TpKejiQTidfbayJbXYHXCDyk7YtdBajinwWA5oR0qxKJI.mkwvgS6Yvt-PO48x8hY5wVLbE2EPgKoGXf1A5ZyZhto&dib_tag=se&keywords=smart+lock&qid=1718215745&sr=8-172
"Escozor® Conceled PMF04 Fingerprint Drawer Lock, Smart Biometric Cabinet Lock, Safety Electric Fingerprint Lock, Drawer Wardrobe Lock, Furniture Privacy Lock  ₹2,999₹2,999 M.R.P: ₹6,290₹6,290 (52% off)Save extra with No Cost EMI Get it by Wednesday 19 JuneAdd to cart-Remove",2999.0,,,,29,https://www.amazon.in/Escozor%C2%AE-PMF04-Fingerprint-Biometric-Furniture/dp/B0CBCZPVM8/ref=sr_1_173?dib=eyJ2IjoiMSJ9.sRdcyjZxFu5GLaQoExsYsT4m7oiGItRQHgH-LT9krJhKxKDz03cYoNbssy8NOKmYCxb3sBIarQ3xaKs8wwU83eEnkISzjQOa2nPDGQPlZnSWcuDzAtYIoHgLENWewmF4ATkISrycQZpOWWYHs0YkOw35DEiB0pFdMlyFF09iSpgCMyInxRt-PwZu1puhKIO2GY6QSWCHauMSf7yYG9Q-OKvZN3Q860FioS7AKtygKysApeJ_YMmzwu-mDkT_r3TpKejiQTidfbayJbXYHXCDyk7YtdBajinwWA5oR0qxKJI.mkwvgS6Yvt-PO48x8hY5wVLbE2EPgKoGXf1A5ZyZhto&dib_tag=se&keywords=smart+lock&qid=1718215745&sr=8-173
"GHome Smart Door Knob Fingerprint Door Lock with App Control - Biometric Smart Lock for Home, Offices, Hotels, and Apartments  4.3 out of 5 stars 144  ₹10,236₹10,236 M.R.P: ₹17,625₹17,625 (42% off)Save extra with No Cost EMIGet it Tuesday 2 July - Wednesday 3 JulyFREE DeliveryAdd to cart-RemoveMore Buying Choices₹10,182(3 new offers)",10236.0,4.3,144.0,144.0,30,https://www.amazon.in/GHome-Smart-Door-Fingerprint-Control/dp/B0C68CYX51/ref=sr_1_174?dib=eyJ2IjoiMSJ9.sRdcyjZxFu5GLaQoExsYsT4m7oiGItRQHgH-LT9krJhKxKDz03cYoNbssy8NOKmYCxb3sBIarQ3xaKs8wwU83eEnkISzjQOa2nPDGQPlZnSWcuDzAtYIoHgLENWewmF4ATkISrycQZpOWWYHs0YkOw35DEiB0pFdMlyFF09iSpgCMyInxRt-PwZu1puhKIO2GY6QSWCHauMSf7yYG9Q-OKvZN3Q860FioS7AKtygKysApeJ_YMmzwu-mDkT_r3TpKejiQTidfbayJbXYHXCDyk7YtdBajinwWA5oR0qxKJI.mkwvgS6Yvt-PO48x8hY5wVLbE2EPgKoGXf1A5ZyZhto&dib_tag=se&keywords=smart+lock&qid=1718215745&sr=8-174
"+1 colors/patternsFoxgard Smart Fingerprint Door Lock,Keyless Entry Door Lock with Handle,Biometric Door Lock,Room Door Lock for Home/Storage /Bedroom/Office and Other Private Spaces (Silver)  3.8 out of 5 stars 502  ₹9,208₹9,208 M.R.P: ₹12,458₹12,458 (26% off)Save extra with No Cost EMIGet it Monday 1 July - Tuesday 2 JulyAdd to cart-Remove",9208.0,3.8,502.0,502.0,31,https://www.amazon.in/Foxgard-Fingerprint-Keyless-Biometric-Storage/dp/B0B2MVFK78/ref=sr_1_175?dib=eyJ2IjoiMSJ9.sRdcyjZxFu5GLaQoExsYsT4m7oiGItRQHgH-LT9krJhKxKDz03cYoNbssy8NOKmYCxb3sBIarQ3xaKs8wwU83eEnkISzjQOa2nPDGQPlZnSWcuDzAtYIoHgLENWewmF4ATkISrycQZpOWWYHs0YkOw35DEiB0pFdMlyFF09iSpgCMyInxRt-PwZu1puhKIO2GY6QSWCHauMSf7yYG9Q-OKvZN3Q860FioS7AKtygKysApeJ_YMmzwu-mDkT_r3TpKejiQTidfbayJbXYHXCDyk7YtdBajinwWA5oR0qxKJI.mkwvgS6Yvt-PO48x8hY5wVLbE2EPgKoGXf1A5ZyZhto&dib_tag=se&keywords=smart+lock&qid=1718215745&sr=8-175
"VIZID Smart Fingerprint Lock for Drawer, Cabinet, Cupboard & Wardrobe | Perfect for Cabinets & Drawers, Biometric Security, Easy to Use | Smart Lock | USB-Key Included for Emergency Unlock  3.5 out of 5 stars 6  ₹3,250₹3,250 M.R.P: ₹4,999₹4,999 (35% off)Save extra with No Cost EMIGet it by Wednesday 19 JuneSee options",3250.0,3.5,6.0,6.0,32,https://www.amazon.in/Biometric-Digital-Fingerprint-Furniture-cabinets/dp/B0BGCXB9G2/ref=sr_1_176?dib=eyJ2IjoiMSJ9.sRdcyjZxFu5GLaQoExsYsT4m7oiGItRQHgH-LT9krJhKxKDz03cYoNbssy8NOKmYCxb3sBIarQ3xaKs8wwU83eEnkISzjQOa2nPDGQPlZnSWcuDzAtYIoHgLENWewmF4ATkISrycQZpOWWYHs0YkOw35DEiB0pFdMlyFF09iSpgCMyInxRt-PwZu1puhKIO2GY6QSWCHauMSf7yYG9Q-OKvZN3Q860FioS7AKtygKysApeJ_YMmzwu-mDkT_r3TpKejiQTidfbayJbXYHXCDyk7YtdBajinwWA5oR0qxKJI.mkwvgS6Yvt-PO48x8hY5wVLbE2EPgKoGXf1A5ZyZhto&dib_tag=se&keywords=smart+lock&qid=1718215745&sr=8-176
"Electronic Smart Lock, USB Charging Password Unlock Anti Theft Electronic Cabinet Lock, Cupboards for File Cabine Drawer Wardrobe  ₹2,469₹2,469 M.R.P: ₹4,899₹4,899 (50% off)₹50 coupon applied at checkoutSave ₹50  with coupon Get it Thursday 4 July - Friday 5 JulyFREE DeliveryAdd to cart-Remove",2469.0,,,,33,https://www.amazon.in/Electronic-Charging-Password-Cupboards-Wardrobe/dp/B09KBB61SW/ref=sr_1_177?dib=eyJ2IjoiMSJ9.sRdcyjZxFu5GLaQoExsYsT4m7oiGItRQHgH-LT9krJhKxKDz03cYoNbssy8NOKmYCxb3sBIarQ3xaKs8wwU83eEnkISzjQOa2nPDGQPlZnSWcuDzAtYIoHgLENWewmF4ATkISrycQZpOWWYHs0YkOw35DEiB0pFdMlyFF09iSpgCMyInxRt-PwZu1puhKIO2GY6QSWCHauMSf7yYG9Q-OKvZN3Q860FioS7AKtygKysApeJ_YMmzwu-mDkT_r3TpKejiQTidfbayJbXYHXCDyk7YtdBajinwWA5oR0qxKJI.mkwvgS6Yvt-PO48x8hY5wVLbE2EPgKoGXf1A5ZyZhto&dib_tag=se&keywords=smart+lock&qid=1718215745&sr=8-177
"Qubo Smart Video Doorbell & Smart Door Lock Select Combo  5.0 out of 5 stars 3  ₹23,480₹23,480 List: ₹39,980₹39,980 (41% off)Save extra with No Cost EMI FREE Delivery by Amazon",23480.0,5.0,3.0,3.0,34,https://www.amazon.in/Qubo-Smart-Video-Doorbell-Select/dp/B0BZ7F947V/ref=sr_1_178?dib=eyJ2IjoiMSJ9.sRdcyjZxFu5GLaQoExsYsT4m7oiGItRQHgH-LT9krJhKxKDz03cYoNbssy8NOKmYCxb3sBIarQ3xaKs8wwU83eEnkISzjQOa2nPDGQPlZnSWcuDzAtYIoHgLENWewmF4ATkISrycQZpOWWYHs0YkOw35DEiB0pFdMlyFF09iSpgCMyInxRt-PwZu1puhKIO2GY6QSWCHauMSf7yYG9Q-OKvZN3Q860FioS7AKtygKysApeJ_YMmzwu-mDkT_r3TpKejiQTidfbayJbXYHXCDyk7YtdBajinwWA5oR0qxKJI.mkwvgS6Yvt-PO48x8hY5wVLbE2EPgKoGXf1A5ZyZhto&dib_tag=se&keywords=smart+lock&qid=1718215745&sr=8-178
"Golens X74 Smart Door Lock | 6 Ways Unlocking | Fingerprint | Mobile App | RFID Card | PIN | OTP | Mechanical Key | Camera Technology | Keyless Entry Digital Lock  3.0 out of 5 stars 1  Limited time deal  ₹17,999₹17,999 M.R.P: ₹45,000₹45,000 (60% off)Save extra with No Cost EMI Get it by Thursday 20 JuneFREE Delivery by AmazonOnly 1 left in stock.Add to cart-Remove",17999.0,3.0,1.0,1.0,35,https://www.amazon.in/Golens-X74-Digital-Camera-Fingerprint/dp/B0CCYQKN7T/ref=sr_1_179?dib=eyJ2IjoiMSJ9.sRdcyjZxFu5GLaQoExsYsT4m7oiGItRQHgH-LT9krJhKxKDz03cYoNbssy8NOKmYCxb3sBIarQ3xaKs8wwU83eEnkISzjQOa2nPDGQPlZnSWcuDzAtYIoHgLENWewmF4ATkISrycQZpOWWYHs0YkOw35DEiB0pFdMlyFF09iSpgCMyInxRt-PwZu1puhKIO2GY6QSWCHauMSf7yYG9Q-OKvZN3Q860FioS7AKtygKysApeJ_YMmzwu-mDkT_r3TpKejiQTidfbayJbXYHXCDyk7YtdBajinwWA5oR0qxKJI.mkwvgS6Yvt-PO48x8hY5wVLbE2EPgKoGXf1A5ZyZhto&dib_tag=se&keywords=smart+lock&qid=1718215745&sr=8-179
"NAVKAR SYSTEMS Stainless Steel Electronic Door Lock with Video Door Phone Support  3.7 out of 5 stars 3  ₹1,999₹1,999 M.R.P: ₹3,900₹3,900 (49% off) Get it by Wednesday 19 JuneFREE Delivery by AmazonAdd to cart-Remove",1999.0,3.7,3.0,3.0,36,https://www.amazon.in/NAVKAR-Electronic-Video-Phone-Support/dp/B072PSBFY2/ref=sr_1_180?dib=eyJ2IjoiMSJ9.sRdcyjZxFu5GLaQoExsYsT4m7oiGItRQHgH-LT9krJhKxKDz03cYoNbssy8NOKmYCxb3sBIarQ3xaKs8wwU83eEnkISzjQOa2nPDGQPlZnSWcuDzAtYIoHgLENWewmF4ATkISrycQZpOWWYHs0YkOw35DEiB0pFdMlyFF09iSpgCMyInxRt-PwZu1puhKIO2GY6QSWCHauMSf7yYG9Q-OKvZN3Q860FioS7AKtygKysApeJ_YMmzwu-mDkT_r3TpKejiQTidfbayJbXYHXCDyk7YtdBajinwWA5oR0qxKJI.mkwvgS6Yvt-PO48x8hY5wVLbE2EPgKoGXf1A5ZyZhto&dib_tag=se&keywords=smart+lock&qid=1718215745&sr=8-180
"YUNAY Digital Smart Door Lock  5.0 out of 5 stars 4  ₹9,999₹9,999 M.R.P: ₹19,990₹19,990 (50% off)7.5% Off on Select Bank CardsGet it by Tuesday 18 JuneAdd to cart-Remove",9999.0,5.0,4.0,4.0,37,https://www.amazon.in/YUNAY-Digital-Smart-Door-Lock/dp/B0CNGLGF8J/ref=sr_1_181?dib=eyJ2IjoiMSJ9.sRdcyjZxFu5GLaQoExsYsT4m7oiGItRQHgH-LT9krJhKxKDz03cYoNbssy8NOKmYCxb3sBIarQ3xaKs8wwU83eEnkISzjQOa2nPDGQPlZnSWcuDzAtYIoHgLENWewmF4ATkISrycQZpOWWYHs0YkOw35DEiB0pFdMlyFF09iSpgCMyInxRt-PwZu1puhKIO2GY6QSWCHauMSf7yYG9Q-OKvZN3Q860FioS7AKtygKysApeJ_YMmzwu-mDkT_r3TpKejiQTidfbayJbXYHXCDyk7YtdBajinwWA5oR0qxKJI.mkwvgS6Yvt-PO48x8hY5wVLbE2EPgKoGXf1A5ZyZhto&dib_tag=se&keywords=smart+lock&qid=1718215745&sr=8-181
"Blusafe Fingerprint Door Lock 4-in-1 Entry Door Locks Smart (Black)  4.2 out of 5 stars 10  ₹14,265₹14,265 M.R.P: ₹20,727₹20,727 (31% off)Save extra with No Cost EMIGet it Tuesday 2 July - Wednesday 3 JulyFREE DeliveryAdd to cart-Remove",14265.0,4.2,10.0,10.0,38,https://www.amazon.in/Blusafe-Fingerprint-Entry-Locks-Smart/dp/B0C9JRXVJ4/ref=sr_1_182?dib=eyJ2IjoiMSJ9.sRdcyjZxFu5GLaQoExsYsT4m7oiGItRQHgH-LT9krJhKxKDz03cYoNbssy8NOKmYCxb3sBIarQ3xaKs8wwU83eEnkISzjQOa2nPDGQPlZnSWcuDzAtYIoHgLENWewmF4ATkISrycQZpOWWYHs0YkOw35DEiB0pFdMlyFF09iSpgCMyInxRt-PwZu1puhKIO2GY6QSWCHauMSf7yYG9Q-OKvZN3Q860FioS7AKtygKysApeJ_YMmzwu-mDkT_r3TpKejiQTidfbayJbXYHXCDyk7YtdBajinwWA5oR0qxKJI.mkwvgS6Yvt-PO48x8hY5wVLbE2EPgKoGXf1A5ZyZhto&dib_tag=se&keywords=smart+lock&qid=1718215745&sr=8-182
"Lockomatic Twister TBFLV1B Black Chrome Smart Lock Digital Door Lock with 3D Face Recognition | LCD Display & Camera | Wi-Fi Remote Unlock Using App | Fingerprint Lock | RFID Card, PIN, 2 Manual Key  ₹28,999₹28,999 M.R.P: ₹53,750₹53,750 (46% off)Get it Friday 14 June - Tuesday 18 JuneAdd to cart-Remove",28999.0,,,,39,https://www.amazon.in/Lockomatic-Twister-TBFLV1B-Recognition-Fingerprint/dp/B0D3QPPTCQ/ref=sr_1_183?dib=eyJ2IjoiMSJ9.sRdcyjZxFu5GLaQoExsYsT4m7oiGItRQHgH-LT9krJhKxKDz03cYoNbssy8NOKmYCxb3sBIarQ3xaKs8wwU83eEnkISzjQOa2nPDGQPlZnSWcuDzAtYIoHgLENWewmF4ATkISrycQZpOWWYHs0YkOw35DEiB0pFdMlyFF09iSpgCMyInxRt-PwZu1puhKIO2GY6QSWCHauMSf7yYG9Q-OKvZN3Q860FioS7AKtygKysApeJ_YMmzwu-mDkT_r3TpKejiQTidfbayJbXYHXCDyk7YtdBajinwWA5oR0qxKJI.mkwvgS6Yvt-PO48x8hY5wVLbE2EPgKoGXf1A5ZyZhto&dib_tag=se&keywords=smart+lock&qid=1718215745&sr=8-183
"Qubo Smart Rim Lock Ultra & WiFi Gateway Combo  ₹12,980₹12,980 List: ₹31,980₹31,980 (59% off)Save extra with No Cost EMI FREE Delivery by Amazon",12980.0,,,,40,https://www.amazon.in/Qubo-Smart-Ultra-Gateway-Combo/dp/B0CH1DKWPV/ref=sr_1_184?dib=eyJ2IjoiMSJ9.sRdcyjZxFu5GLaQoExsYsT4m7oiGItRQHgH-LT9krJhKxKDz03cYoNbssy8NOKmYCxb3sBIarQ3xaKs8wwU83eEnkISzjQOa2nPDGQPlZnSWcuDzAtYIoHgLENWewmF4ATkISrycQZpOWWYHs0YkOw35DEiB0pFdMlyFF09iSpgCMyInxRt-PwZu1puhKIO2GY6QSWCHauMSf7yYG9Q-OKvZN3Q860FioS7AKtygKysApeJ_YMmzwu-mDkT_r3TpKejiQTidfbayJbXYHXCDyk7YtdBajinwWA5oR0qxKJI.mkwvgS6Yvt-PO48x8hY5wVLbE2EPgKoGXf1A5ZyZhto&dib_tag=se&keywords=smart+lock&qid=1718215745&sr=8-184
"Godrej Digital Lock I Catus Connect & Catus Touch I Smart Access Control For Main Door & Master Bedroom Door|Connect- 5 In 1 Access-Main Door -Bedroom I Black Finish - Copper,Biometric  5.0 out of 5 stars 2  ₹24,899₹24,899 M.R.P: ₹35,998₹35,998 (31% off)Get it Monday 24 June - Tuesday 25 JuneFREE DeliveryOnly 2 left in stock.Add to cart-Remove",24899.0,5.0,2.0,2.0,41,https://www.amazon.in/Godrej-Digital-Connect-Control-Connect/dp/B0CM168P7G/ref=sr_1_185?dib=eyJ2IjoiMSJ9.sRdcyjZxFu5GLaQoExsYsT4m7oiGItRQHgH-LT9krJhKxKDz03cYoNbssy8NOKmYCxb3sBIarQ3xaKs8wwU83eEnkISzjQOa2nPDGQPlZnSWcuDzAtYIoHgLENWewmF4ATkISrycQZpOWWYHs0YkOw35DEiB0pFdMlyFF09iSpgCMyInxRt-PwZu1puhKIO2GY6QSWCHauMSf7yYG9Q-OKvZN3Q860FioS7AKtygKysApeJ_YMmzwu-mDkT_r3TpKejiQTidfbayJbXYHXCDyk7YtdBajinwWA5oR0qxKJI.mkwvgS6Yvt-PO48x8hY5wVLbE2EPgKoGXf1A5ZyZhto&dib_tag=se&keywords=smart+lock&qid=1718215745&sr=8-185
"ABEZ AM30i Smart Door Lock, Digital Door Lock with 5 way unlocking Fingerprint/Biometric| RFID Card Access| PIN| Mechanical Key |Mobile Usmartgo App-OTP Access. Compatible with Metal ,Wooden Door with 30mm thick ,for Home and Office use. Universal left and right handle rotation. Stainless steel Mortise with 5 Bolts.  ₹14,999₹14,999 M.R.P: ₹32,999₹32,999 (55% off)7.5% Off on Select Bank Cards Get it by Wednesday 19 JuneFREE Delivery by AmazonOnly 2 left in stock.Add to cart-Remove",14999.0,,,,42,https://www.amazon.in/ABEZ-Digital-Door-Lock-Fingerprint/dp/B09LLRBJSY/ref=sr_1_186?dib=eyJ2IjoiMSJ9.sRdcyjZxFu5GLaQoExsYsT4m7oiGItRQHgH-LT9krJhKxKDz03cYoNbssy8NOKmYCxb3sBIarQ3xaKs8wwU83eEnkISzjQOa2nPDGQPlZnSWcuDzAtYIoHgLENWewmF4ATkISrycQZpOWWYHs0YkOw35DEiB0pFdMlyFF09iSpgCMyInxRt-PwZu1puhKIO2GY6QSWCHauMSf7yYG9Q-OKvZN3Q860FioS7AKtygKysApeJ_YMmzwu-mDkT_r3TpKejiQTidfbayJbXYHXCDyk7YtdBajinwWA5oR0qxKJI.mkwvgS6Yvt-PO48x8hY5wVLbE2EPgKoGXf1A5ZyZhto&dib_tag=se&keywords=smart+lock&qid=1718215745&sr=8-186
"Dorset Smart Lock for Drawer [Buy 2 Get 1] Fingerprint ID (Up to 20 Unique Access) | Biometric Drawer Lock for Home and Office | Smart Cabinet Lock | Black  Limited time deal  ₹9,199₹9,199 M.R.P: ₹13,140₹13,140 (30% off) Get it by Tuesday 18 JuneOnly 2 left in stock.Add to cart-Remove",9199.0,,,,43,https://www.amazon.in/Dorset-Drawer-Fingerprint-Biometric-Cabinet/dp/B0BFWPV6VD/ref=sr_1_187?dib=eyJ2IjoiMSJ9.sRdcyjZxFu5GLaQoExsYsT4m7oiGItRQHgH-LT9krJhKxKDz03cYoNbssy8NOKmYCxb3sBIarQ3xaKs8wwU83eEnkISzjQOa2nPDGQPlZnSWcuDzAtYIoHgLENWewmF4ATkISrycQZpOWWYHs0YkOw35DEiB0pFdMlyFF09iSpgCMyInxRt-PwZu1puhKIO2GY6QSWCHauMSf7yYG9Q-OKvZN3Q860FioS7AKtygKysApeJ_YMmzwu-mDkT_r3TpKejiQTidfbayJbXYHXCDyk7YtdBajinwWA5oR0qxKJI.mkwvgS6Yvt-PO48x8hY5wVLbE2EPgKoGXf1A5ZyZhto&dib_tag=se&keywords=smart+lock&qid=1718215745&sr=8-187
"Okos Smart Door Lock for Indoor | Bedroom | 4-Way Unlocking | Fingerprint | Pin Code | Okos App | Mechanical Key | OTP Access | for Wooden Door Lock | Okos App Wi-Fi+Bluetooth LE  ₹8,500₹8,500 M.R.P: ₹9,900₹9,900 (14% off)Save extra with No Cost EMIGet it by Tuesday 18 JuneOnly 1 left in stock.Add to cart-Remove",8500.0,,,,44,https://www.amazon.in/Okos-Smart-Biometric-Fingerprint-Password/dp/B0B82TCFSB/ref=sr_1_188?dib=eyJ2IjoiMSJ9.sRdcyjZxFu5GLaQoExsYsT4m7oiGItRQHgH-LT9krJhKxKDz03cYoNbssy8NOKmYCxb3sBIarQ3xaKs8wwU83eEnkISzjQOa2nPDGQPlZnSWcuDzAtYIoHgLENWewmF4ATkISrycQZpOWWYHs0YkOw35DEiB0pFdMlyFF09iSpgCMyInxRt-PwZu1puhKIO2GY6QSWCHauMSf7yYG9Q-OKvZN3Q860FioS7AKtygKysApeJ_YMmzwu-mDkT_r3TpKejiQTidfbayJbXYHXCDyk7YtdBajinwWA5oR0qxKJI.mkwvgS6Yvt-PO48x8hY5wVLbE2EPgKoGXf1A5ZyZhto&dib_tag=se&keywords=smart+lock&qid=1718215745&sr=8-188
"EzLife Fingerprint Cabinet Lock, Smart Biometric Cabinet Lock, Keyless Hidden File Drawer Wardrobe Lock, Child Safety Electric Fingerprint Lock, DIY Wooden Furniture Privacy Lock for Home Office  Limited time deal  ₹2,792₹2,792 M.R.P: ₹4,995₹4,995 (44% off)Save extra with No Cost EMI Get it by Tuesday 18 JuneFREE Delivery by AmazonOnly 2 left in stock.Add to cart-Remove",2792.0,,,,45,https://www.amazon.in/EzLife-Fingerprint-Lock-Biometric-Furniture/dp/B0C8MSNRS8/ref=sr_1_189?dib=eyJ2IjoiMSJ9.sRdcyjZxFu5GLaQoExsYsT4m7oiGItRQHgH-LT9krJhKxKDz03cYoNbssy8NOKmYCxb3sBIarQ3xaKs8wwU83eEnkISzjQOa2nPDGQPlZnSWcuDzAtYIoHgLENWewmF4ATkISrycQZpOWWYHs0YkOw35DEiB0pFdMlyFF09iSpgCMyInxRt-PwZu1puhKIO2GY6QSWCHauMSf7yYG9Q-OKvZN3Q860FioS7AKtygKysApeJ_YMmzwu-mDkT_r3TpKejiQTidfbayJbXYHXCDyk7YtdBajinwWA5oR0qxKJI.mkwvgS6Yvt-PO48x8hY5wVLbE2EPgKoGXf1A5ZyZhto&dib_tag=se&keywords=smart+lock&qid=1718215745&sr=8-189
"Tuchware Smart Lock XS3200 with Fingerprint, PIN, OTP, RFID Card and Manual Key Access for Wooden Doors (Left Handed)  3.0 out of 5 stars 1  ₹9,999₹9,999 M.R.P: ₹16,999₹16,999 (41% off)Save extra with No Cost EMI Get it by Tuesday 18 JuneFREE Delivery by AmazonOnly 2 left in stock.Add to cart-Remove",9999.0,3.0,1.0,1.0,46,https://www.amazon.in/Tuchware-XS3200-Fingerprint-Manual-Access/dp/B0BQMDJCRP/ref=sr_1_190?dib=eyJ2IjoiMSJ9.sRdcyjZxFu5GLaQoExsYsT4m7oiGItRQHgH-LT9krJhKxKDz03cYoNbssy8NOKmYCxb3sBIarQ3xaKs8wwU83eEnkISzjQOa2nPDGQPlZnSWcuDzAtYIoHgLENWewmF4ATkISrycQZpOWWYHs0YkOw35DEiB0pFdMlyFF09iSpgCMyInxRt-PwZu1puhKIO2GY6QSWCHauMSf7yYG9Q-OKvZN3Q860FioS7AKtygKysApeJ_YMmzwu-mDkT_r3TpKejiQTidfbayJbXYHXCDyk7YtdBajinwWA5oR0qxKJI.mkwvgS6Yvt-PO48x8hY5wVLbE2EPgKoGXf1A5ZyZhto&dib_tag=se&keywords=smart+lock&qid=1718215745&sr=8-190
"Generic F040 Fingerprint Cabinet Lock | Polished finish | Black  3.8 out of 5 stars 31  ₹1,390₹1,390 M.R.P: ₹2,500₹2,500 (44% off)Get it by Friday 21 JuneAdd to cart-Remove",1390.0,3.8,31.0,31.0,47,https://www.amazon.in/Generic-F040-FINGERPRINT-CABINET-LOCK/dp/B08K3KMDWB/ref=sr_1_191?dib=eyJ2IjoiMSJ9.sRdcyjZxFu5GLaQoExsYsT4m7oiGItRQHgH-LT9krJhKxKDz03cYoNbssy8NOKmYCxb3sBIarQ3xaKs8wwU83eEnkISzjQOa2nPDGQPlZnSWcuDzAtYIoHgLENWewmF4ATkISrycQZpOWWYHs0YkOw35DEiB0pFdMlyFF09iSpgCMyInxRt-PwZu1puhKIO2GY6QSWCHauMSf7yYG9Q-OKvZN3Q860FioS7AKtygKysApeJ_YMmzwu-mDkT_r3TpKejiQTidfbayJbXYHXCDyk7YtdBajinwWA5oR0qxKJI.mkwvgS6Yvt-PO48x8hY5wVLbE2EPgKoGXf1A5ZyZhto&dib_tag=se&keywords=smart+lock&qid=1718215745&sr=8-191
"LECCY & GENESIS Smart Door Lock German Engineering Product for Indian Standards, Fingerprint Smart Door Lock, Multi-User Support, Tamper Alert. Perfect Security for Your Home, Pan India Free Installation  4.0 out of 5 stars 25  ₹29,999₹29,999 Get it by Thursday 20 JuneAdd to cart-Remove",29999.0,4.0,25.0,25.0,48,https://www.amazon.in/LECCY-GENESIS-Engineering-Fingerprint-Installation/dp/B0B12VN5F5/ref=sr_1_192?dib=eyJ2IjoiMSJ9.sRdcyjZxFu5GLaQoExsYsT4m7oiGItRQHgH-LT9krJhKxKDz03cYoNbssy8NOKmYCxb3sBIarQ3xaKs8wwU83eEnkISzjQOa2nPDGQPlZnSWcuDzAtYIoHgLENWewmF4ATkISrycQZpOWWYHs0YkOw35DEiB0pFdMlyFF09iSpgCMyInxRt-PwZu1puhKIO2GY6QSWCHauMSf7yYG9Q-OKvZN3Q860FioS7AKtygKysApeJ_YMmzwu-mDkT_r3TpKejiQTidfbayJbXYHXCDyk7YtdBajinwWA5oR0qxKJI.mkwvgS6Yvt-PO48x8hY5wVLbE2EPgKoGXf1A5ZyZhto&dib_tag=se&keywords=smart+lock&qid=1718215745&sr=8-192
